0	cullay	
0	isidia	dias	sadis	adidas	addis	aids	dais	disa	said	saidi	saids	sida	saiid	dasi	sadi	sidia	
0	dan	dana	danaan	dand	danda	nad	nada	anand	ananda	dna	addn	and	anda	nand	nanda	
0	ear	rearer	rea	aer	are	area	rare	areae	arear	arrear	era	arere	rear	rarer	rae	
0	paleron	preloan	aeroplane	aeroplaner	peroneal	nonparallel	
0	angia	gaian	angina	ganging	gain	naig	inga	ngai	gaining	ingan	ingang	gina	niang	agin	aging	inanga	again	nanning	naggin	nagging	naging	gagging	gaging	
0	satanising	ignatianist	ignatias	giants	staining	angiitis	instating	tasting	tastings	antings	assisting	instigant	instigating	gasting	assassinating	sanitating	saignant	satiating	gainst	sanitising	stagging	gisant	gisants	stanging	sating	satining	staging	stagings	staning	stating	antisag	tattings	against	agisting	gitanas	tannings	stagnating	assignat	assignats	instantiating	sainting	
0	hainai	hainan	nahani	ahaaina	hain	
0	abronia	airborn	baroni	barbion	nairobi	robinia	rabboni	borani	obarni	bonair	nonbarbarian	boronia	
0	awkward	drawk	
0	chocalho	chola	cholla	cochal	alcohol	olcha	loach	chalaco	
0	chally	
0	retailor	retaliator	arteriolar	arteriole	ariolate	littorella	territorial	trioleate	alliterator	literato	literator	aerolite	
0	altarlet	relate	tearlet	alter	relater	terrella	alterate	retreatal	latter	trattle	arlette	artel	retattle	alterer	realter	earlet	tatler	later	latera	lateral	talter	ratel	alert	alerta	alerter	llareta	taller	rattel	elater	teetaller	artlet	retal	tattler	rattle	retral	terral	allatrate	arratel	rattler	taler	tartle	tartlet	rattlertree	taleteller	latrate	telar	tratler	relata	
0	amassing	signman	massaging	siamang	siamangs	gigsman	imaginings	magasin	misnaming	massing	misassign	gamings	mismanaging	gamins	gangism	amissing	missang	misaiming	magianism	gigmanism	
0	meature	erratum	trumeau	amutter	mature	maturer	amateur	tamure	armature	maturate	ureameter	
1	gamgia	giza	zamia	zigzag	amiga	agami	gazi	magazining	amazia	amazing	magi	mazalgia	mazing	
1	gozzan	mangona	ngoma	zogan	magnon	gammon	monza	moggan	among	gongman	monozoa	monozoan	gazon	zamang	zampogna	monoazo	amazon	amazona	mango	
0	adeem	adeemed	damme	dammed	madded	mead	meade	dame	medea	edema	addeem	edam	maed	ameed	madame	made	emda	
0	neomodal	madelon	lodeman	endolemma	demonland	lemonade	lemonado	mondale	
0	canny	cyan	nancy	cany	
0	fan	fana	naf	naff	
0	apology	polygala	
0	parao	proa	prao	appro	
0	argument	argumenta	augmenter	reargument	argentum	argenteum	unagreement	ungarment	argumentum	garmenture	gutterman	
0	warpwise	waspier	arsewipe	pairwise	
0	ataraxias	
0	ashiest	esthesia	esthesias	saithe	hestia	hastiest	aesthesia	shastaite	aesthesis	staithes	staithe	atheist	tashie	sheathiest	teaish	atheists	thiasite	hesitate	ehatisaht	hesitates	athetesis	shehita	shehitah	heathiest	stashie	
0	hatty	aythya	hyatt	
0	chaw	
0	waesome	awesome	
0	aye	yea	
0	za	az	
1	ib	bibi	bib	bi	bibb	
1	b	bb	
0	backsword	backswords	
0	baddy	dabby	
0	abets	beasts	beatas	bebaste	abates	sebat	sebate	baste	bebeast	bastes	estab	beats	tabes	bestab	abbest	betas	basset	asbest	bassets	bassett	bassetta	bassette	basest	bettas	bates	beast	
1	anabo	fanboy	faon	bona	banff	oban	aboon	fannon	fano	fanon	baboon	nabob	confab	
0	abattage	betag	begat	abatage	teabag	atabeg	
0	blabbing	gabling	baling	bailing	bangling	alibangbang	blagging	alibiing	balling	babbling	gabbling	
0	balon	ballon	balloon	
0	cabals	cabalas	cabbalas	
1	abaka	baka	babka	kaaba	kab	kabab	kabaka	
1	baw	abwab	wab	
0	barefoot	bearfoot	
0	behe	hebe	
0	bebotch	
0	beery	brey	berry	eyeberry	berberry	berbery	eyebree	yerb	byre	
1	benzene	baez	breeze	be	beezer	zebec	zebedee	zebu	zebub	eb	ebb	abaze	bz	bize	zee	bezazz	bezel	ezba	bezette	baze	benz	bezzi	bezzle	bleeze	bee	bezzo	beeb	booze	beebe	beebee	bozze	zb	
1	benched	conched	cobden	noebcd	hobnobbed	
1	lifebelt	tullibee	futile	feuillet	tubeful	bisulfite	beautiful	fusibilities	utible	bitterful	blitheful	fluible	fluellite	beliefful	bluetit	
0	enweb	
0	abatis	tabbis	basti	abattis	sabaist	babist	absist	babbitts	absit	bassist	bassists	baits	batis	sabbatia	tabis	tibias	sabbatist	
0	bill	bibl	lib	bilbi	
0	bitch	
0	cohibit	
0	bathic	
0	bathic	
0	benthic	chibinite	biethnic	
2	biti	btc	jit	jiti	tji	butic	bic	jaboticaba	abatic	bitt	stibic	jib	jibb	cit	ictic	jutic	biotic	catabatic	jct	biotitic	jibi	tib	cubit	tibbit	tictic	cubiti	tabic	jacobitic	tbit	bit	cbt	bijective	titbit	ciabatta	ccitt	bitch	cubti	tic	
0	bitch	
0	bhishti	bhisti	
0	benzines	benzins	zinebs	
1	bibby	bizz	yib	biz	zib	izzy	
0	labra	barbal	labral	rabal	balr	labaara	labara	
0	nettably	tenably	
0	blere	rebel	eberle	rebeller	
0	doblon	blond	
0	boosies	biose	bobbies	boobies	bossies	booboisie	boise	
0	bekko	kobe	boke	kebob	
0	cockbills	
0	biloxi	bollix	
0	bollox	
0	bullocks	
0	anabo	bona	oban	aboon	baboon	nabob	
0	bonanza	bonnaz	
0	bosses	bose	obes	obese	obsess	obsesses	boose	oboes	beboss	
1	obelize	bezzi	bizone	bezzo	bobbie	booze	benzoin	boozier	bozine	bozze	ebionize	obrize	zombie	borize	biozone	ozzie	bize	ebonize	
0	bobet	tobe	bote	bootee	botte	botete	bobotee	
1	baculoid	cuidado	bodacious	cuboid	cuboidal	
0	rajab	bajra	
0	bearbane	beearn	barren	barrener	berna	breanne	nabber	banner	arneb	bannerer	brenna	brennan	abner	naber	branner	beaner	berean	reban	
0	barillas	basilar	airbills	brasil	brails	brasilia	brasils	libras	
0	bratwurst	bratwursts	
0	atrabilarian	brilliant	brantail	
0	bonier	borine	bobbiner	biberon	beribbon	ribboner	obrien	bonbonniere	nobbier	bonnier	brionine	
0	ablator	toolbar	tollbar	
0	brubru	brubu	urubu	bur	rub	burr	urb	
0	brussel	brussels	brules	beslubber	beslur	bubblers	subrule	subruler	subrules	rubles	blubberers	blubbers	rubberless	burlers	slubber	slubberer	slubbers	lubbers	rubbles	burblers	burbles	
0	btry	
0	bs	bbs	bbss	sb	
0	balu	baluba	lulab	bual	bubal	babul	blau	luba	bulla	balau	baul	
1	grubbier	biggie	bougie	gigue	guige	geib	oguibe	brigue	bugbite	briguer	unbenign	gebbie	buggier	buggies	gibe	budgie	gullible	beguile	bugi	beige	beguin	beguine	unbeginning	gibuses	guib	eugubine	eugubium	unbeing	unebbing	bluegill	
0	burd	drub	
1	brusque	brusquer	braque	bubber	barque	beurre	bure	brique	bebeeru	queuer	barbeque	quebecer	burree	burrer	rubbee	rubber	rubberer	reub	querre	queer	queerer	rerub	rube	
0	tubehead	headbutt	headbutted	
0	tibbu	
0	btw	tbw	
1	bitchy	botchy	byth	
0	kyack	caky	yack	
0	caffein	caffeina	caffeine	caffeinic	affiance	faineance	fiance	faience	fiancee	inface	acecaffin	acecaffine	finance	
0	encheason	chaconnes	
0	aceric	craie	erica	ericaceae	acier	areic	racier	ricciaceae	ricecar	ricercar	ricercare	ricercari	recarrier	cercaria	cercariae	ceria	circaea	circaeaceae	carrie	carrier	caricaceae	aeric	
0	corema	caroome	ceroma	moraceae	aerocamera	macromere	
0	camouflage	
0	ascendancies	sciaenid	sciaenidae	sciaenids	candidacies	incandesce	incandesced	incandescence	incandescences	incandesces	candidness	candidnesses	decadencies	cadencies	candies	accidencies	andesic	decaisnea	cassidinae	acidness	acidnesses	cisandine	scincidae	incased	
0	cappie	apiaceae	picea	apiece	icecap	ipecac	picae	
0	crazy	
1	tabacco	tobacco	cabot	abacot	abboccato	catboat	bobcat	bobcoat	
0	fellic	elfic	ficelle	felicific	
0	centner	centrer	recentre	terence	terrence	entrec	tenrec	center	centre	recent	recenter	encenter	centerer	
1	heezy	yecch	czech	yecchy	yech	yechy	yeech	chez	
0	chiccories	heroics	ocherish	chicories	ochreish	orchesis	coheiress	coheirs	cheerios	cosheries	choosier	cirrhose	orchises	cirrhoses	isochore	isochores	
0	hackia	chiack	haick	
1	cocoach	cathood	orchard	holcad	caddo	cohead	coheaded	codhead	chorda	codheaded	chandoo	ahchoo	ochoa	coach	chao	coached	chaco	cochoa	hoodcap	coachload	hodad	doodah	chad	bodach	coda	diadochi	diadochic	chador	davoch	coachwood	choca	chocard	doha	achoo	haddo	haddock	dacha	
0	concho	conch	cochon	chon	cohn	honcho	
0	kick	
0	lick	click	klick	killick	
0	triolcous	tricolours	colourist	colouristic	corticolous	colourists	
1	colymbus	clumsy	muscly	scybalum	cumbly	
0	colour	clour	
1	cog	coom	mogo	moc	cgm	com	mog	moco	cmg	commo	moog	gmo	mocomoco	comm	ogmic	mcg	comdg	
0	commix	comix	
1	dentosurgical	ancistrocladus	congratulations	discogastrula	discolouration	discolourations	transcluding	unconsolidating	disarticulating	disarticulation	transductional	cartilaginous	inguinoscrotal	costicartilaginous	intracartilaginous	
1	dentosurgical	ancistrocladus	congratulations	discogastrula	discolouration	discolourations	transcluding	unconsolidating	disarticulating	disarticulation	transductional	cartilaginous	inguinoscrotal	costicartilaginous	intracartilaginous	
0	solecises	isooleic	scolices	isoscele	collies	coolies	isosceles	ossicle	ossicles	oleocellosis	colies	silicoses	solecise	loessic	
0	cocoonery	conrey	
0	waco	
0	cox	
0	craftwork	
0	capper	carapace	carper	repace	earcap	pacer	recapper	crape	recap	caper	carpe	pearce	perca	parcae	crapper	caperer	preace	
0	precaria	caprice	cappier	pericarpic	picariae	epicarp	piperaceae	praecipe	caraipe	earpiece	crappie	crappier	pericarp	
0	ricky	
1	cuticle	feuillet	clifflet	cultelli	cuitle	lucullite	cuittle	fruticulture	culttelli	cellulite	deceitful	filicite	lucifee	fluellite	luetic	futile	fictile	lucite	effectful	sutcliffe	fructiculture	leucite	leucitic	leucitite	luteic	enticeful	uletic	
0	suscite	cutises	cistuses	eutectics	ictuses	cuties	cestui	cueist	cutties	cutesiest	cestius	
0	eutectic	euectic	eucti	cutie	
0	daemon	nomade	neodamode	moaned	adenoma	damone	modena	nondemand	
0	daimon	nomadian	daimonion	domina	damnonii	domain	ammonoid	aminoid	monoamid	mondain	monadina	anammonid	madion	animando	amidon	mindanao	diamond	
1	dbm	amb	amba	abdom	mad	madam	maad	mba	amd	mbd	mab	maba	dumba	bad	adm	bemad	bemadam	bemadamed	bam	abada	diamb	dma	madhab	buduma	domba	abama	dab	baboodom	dabb	adam	dabba	dagbamba	dam	dama	bammed	lambada	mamba	diiamb	badman	lambda	bandman	abd	cadamba	beamed	
0	darkle	darkled	larked	kraaled	
1	doggy	goody	yoga	goya	dodgy	ogdoad	yoda	adagy	daggy	dadayag	goad	dago	dogy	
0	hardhearted	thread	threaded	threader	hatred	tetrahedra	deathrate	threated	rathed	deadhearted	aethered	harehearted	rethread	rethreaded	reheated	hederated	heathered	hearted	earthed	redheart	redhearted	dearth	
0	dec	decd	decede	cede	ceded	
0	defiantly	inflatedly	
0	defiantly	inflatedly	
0	diffidently	infidelity	definitely	indefinitely	
0	diffidently	infidelity	definitely	indefinitely	
0	diffidently	infidelity	definitely	indefinitely	
0	chude	
0	hede	heed	edh	heeded	hed	
0	diehard	heredia	deerhair	harried	headier	drearihead	haired	hardie	hardier	rheidae	hardihead	diarrhea	airhead	airheaded	haider	dehair	dehairer	
0	dike	diked	kidded	kiddie	keid	
0	dil	dilli	dill	lid	
0	sinusoidal	nonsinusoidal	
0	dirity	dirty	
0	third	
0	djinni	djin	djinn	
0	tendons	sonneted	sostenendo	sottedness	stenosed	ostend	stoned	denotes	stoneseed	nondetest	endnotes	snooted	dottedness	stodtone	sonnetted	doesnt	stooden	notedness	
0	diodont	odontoid	itonidid	dition	notodontid	ditton	notodontoid	tondi	tondino	nidiot	
0	echoed	
0	shood	hoodoos	hoods	hods	dosh	shod	
0	dark	dakar	
0	adry	dryad	darya	dray	yard	
0	droll	drool	loord	lord	dolor	
1	crunk	uncurd	kudrun	undrunk	underdeck	unrecked	drucken	drunk	
0	subdues	debus	bused	debused	debussed	bussed	subdue	subdued	subbed	subdeb	subdebs	
0	fuds	duffs	duffus	
0	dumby	
0	dunn	nudd	dun	
0	kudrun	undrunk	drunk	
1	drupa	purr	drupe	purred	durr	uprid	depure	pud	pur	dupper	pudder	urd	dur	urdu	perdu	perdue	prude	perdure	perdured	purda	uropod	puru	purdy	pured	proud	puredee	pureed	purupuru	uppard	prudy	ruud	pudu	dup	duper	rud	udp	rudd	updry	
0	ruud	urd	rud	dur	durr	rudd	urdu	
0	gawd	
0	wedbed	beeweed	webbed	bedew	bedewed	
0	edney	denny	deny	dyne	neddy	deeny	needy	yenned	
0	ecstasy	testacy	stacey	cytase	cystectasy	
0	ecstasy	testacy	stacey	cytase	cystectasy	
0	ened	needn	den	ended	ned	eden	ende	dene	nde	need	needed	denn	denned	end	
0	gagate	aget	agete	tega	gaet	eatage	gaeta	geta	gate	getae	gateage	geat	agate	
0	heighth	eight	eighth	eightieth	ghetti	height	gthite	
0	besmear	embars	besmearer	besmears	breams	embarrasses	embrase	ambeers	embarras	embarrass	baresma	ambers	beamers	
0	hinges	highness	highnesses	sneeshing	neighs	sighingness	sheening	genghis	nighness	nighnesses	shiningness	
0	petrinize	enterprize	
0	tenter	rennet	tenterer	terreen	terrene	treen	entrer	neter	tern	enter	terne	terner	enterer	teener	retene	entr	retent	trent	netter	rerent	renet	renette	rent	eterne	entre	etrenne	tenner	rente	rentee	renter	reenter	entree	rentree	
0	centner	centrer	recentre	terence	terrence	entrec	tenrec	center	centre	recent	recenter	encenter	centerer	
1	fenn	effund	unfine	unrufe	funje	knuffe	unfence	unfended	unfree	funded	funned	funnel	undefended	unfunded	uneffeness	fluellen	uneffete	fen	furner	unfeued	unfew	funge	fun	feu	unfed	enfume	unfeed	unfeel	nef	unfele	faunae	
0	inone	ione	oenin	ionone	nonie	
0	mimotype	
2	overthink	retentivity	tyrrheni	rethinker	vintnery	erythrin	kintyre	everything	erythrine	thievery	thriven	kvinter	thinker	trinketry	trinkety	rethink	inverity	kitchenry	
0	expt	
0	eyess	sey	sye	eyes	yes	yese	yeses	yees	yesses	
0	facebook	
0	rareyfy	raffery	arefy	affrayer	farey	faery	ferrary	effray	rarefy	freya	
0	feetage	
0	feetage	
1	fatigate	fatigating	fittage	giffgaff	flagtail	gift	fait	fating	fastigia	tigtag	graffiti	fatagaga	zaftig	fatting	effigiate	fainting	gait	gaitt	taig	taiga	agit	infinitating	fiat	taffia	tafia	
1	fatigate	fatigating	fittage	giffgaff	flagtail	gift	fait	fating	fastigia	tigtag	graffiti	fatagaga	zaftig	fatting	effigiate	fainting	gait	gaitt	taig	taiga	agit	infinitating	fiat	taffia	tafia	
0	fagott	fagatogo	fagotto	faggot	fagot	
0	feal	leaf	alef	flea	fella	faffle	felafel	falafel	
1	boffin	fibonacci	babion	bononian	baffin	fabian	fiona	fionnan	fabronia	nafion	fanion	
0	asif	safi	
0	fuck	
0	manifestness	effeminateness	effeminates	manifests	immanifest	immanifestness	antifeminism	antifeminist	faineantism	manifest	manifesta	manifestant	
1	infeminine	feminie	feminin	feminine	finew	inmew	
0	foehn	
0	fissile	fissle	selfie	flies	felis	lifeless	filles	selfies	siffle	fellies	fillies	feelies	files	
0	fiend	finned	define	defined	fined	effendi	indef	nidified	infeed	
0	ferigee	grief	griefer	griffe	refrig	greffier	frigger	figgier	
0	frit	rift	fritt	ifrit	
1	wabbit	
0	flem	fleme	
0	flogged	fodgel	golfed	flodge	
1	finiking	ginkgo	fogging	knifing	kongoni	kikongo	gingko	forking	gonif	goofing	foining	fiking	nooking	offing	oinking	oking	offgoing	finking	
0	folioing	foiling	flogging	fooling	longfin	golfing	
1	mogo	moff	goof	goff	fog	mog	moog	fogo	fogdom	gmo	fogg	mfg	
0	fot	foot	toft	oft	toff	
0	fores	forsee	reffos	reoffers	froes	roofers	fossores	feoffers	feoffors	foresee	offerers	fossers	offerors	fosser	foreseer	foreseers	foresees	offers	sofer	
1	aratory	rotary	otary	foray	oratory	rafty	faggotry	factory	fratority	toryfy	forty	affronty	fratry	yaoort	orfray	rotatory	fator	
1	prayful	popularly	
1	fortuity	tryout	trouty	futuro	frousty	turfy	fouty	toryfy	forty	tutory	yourt	outfort	
0	kerf	ferk	
1	birsy	fribby	fibry	
0	cuff	
1	luckly	clucky	lucky	fluky	feckfully	luckful	
2	ju	jauk	juju	fu	fuji	fuck	fuff	juke	jouk	kuku	uk	funk	fusk	juck	junk	ku	fulk	
1	fu	uk	fuck	fuff	kuku	funk	fusk	ku	fulk	
1	fu	uk	fuck	fuff	kuku	funk	fusk	ku	fulk	
1	fenn	effund	unfine	unrufe	funje	knuffe	unfence	unfended	unfree	funded	funned	funnel	undefended	unfunded	uneffeness	fluellen	uneffete	fen	furner	unfeued	unfew	funge	fun	feu	unfed	enfume	unfeed	unfeel	nef	unfele	faunae	
0	frug	gruf	gruff	
0	gabor	boorga	borago	garbo	gabbro	
0	achage	
0	gaea	age	gage	agee	gagee	ega	gae	
0	aggie	
0	ignatia	ignatian	anting	antinganting	tagging	ating	atinga	gigant	tiang	initiating	tinggian	tainting	gating	gaiting	tangi	tatting	gitana	tanning	tingtang	tanging	agitant	agitating	giant	attaining	attainting	antiganting	
1	agma	maga	amaga	gazza	gaz	agama	azam	gaza	mazza	gam	magma	maza	zamang	gamma	zag	mazama	agaz	guazuma	mag	
0	goal	goala	gaol	oglala	ogallala	algol	glagol	olga	alagao	galago	gola	
0	gavage	gave	vega	vage	agave	
1	wargus	wausau	swags	gaus	gauss	swag	guffaws	wags	guasa	wasegua	wanguns	
0	gaye	agey	
1	segues	guess	suegee	guesses	suez	guze	guzzles	gauzes	zeus	segue	
0	gee	eg	egg	gegg	geggee	ge	eeg	
0	nongenuineness	sensigenous	uningeniousness	uningenuous	uningenuousness	ingenious	ingeniousness	enginous	igneous	ingeniousnesses	ingenuousness	uningenious	ingenuous	ignigenous	ingenuousnesses	unigenous	inogenous	isogenous	nonigneous	
0	garnered	agender	gnarred	gardeen	garden	gardened	gardener	degradand	drengage	gardner	renegade	renegaded	enraged	rearanged	gangrened	reengaged	arranged	grenada	grenade	ranged	gander	gandered	angered	rearranged	danger	dangered	derange	deranged	endanger	endangered	deranger	endangerer	gerenda	grande	engarde	grandee	grander	gadarene	
0	heigh	eigh	gighe	
0	gehey	heygh	
1	kiri	grig	kirk	grigri	kirking	girr	geekier	grike	krieger	gorki	rikk	krigia	rik	rig	irk	irking	kgr	girkin	kirning	
0	gygis	
0	gamond	goodman	gangdom	dogman	goddamn	
1	kong	kongo	kongoese	ketogen	goen	oogone	kininogen	ngoko	gonk	gekko	gekkones	geogen	gonne	geon	kerogen	angekkok	angekok	gonake	eikonogen	gonolek	nonego	mekong	kenno	keno	kenogeny	gone	koenig	eggnog	akonge	noggen	neogene	
0	googolplex	
0	got	goto	togo	tog	togt	
0	rouges	rugose	gougers	grouse	rogues	grouser	erugos	grousers	grouses	gorgeous	
1	jurors	rugous	jougs	jours	grugous	
0	tong	
2	gurt	greet	greeter	gr	trig	arrgt	tg	tgt	regreet	trog	guttur	grat	grata	rt	torgot	grot	tregerg	treget	tagrag	girrit	regret	getter	girt	garrat	grotto	regretter	trt	egret	rg	ggr	gt	regt	reget	grit	gtt	trag	groot	trug	tr	gret	grete	ragtag	grr	
0	ramage	emagram	megamere	marge	megaera	megaerg	gammer	graeme	gemara	reamage	gramme	megara	marage	meager	meagre	gamer	regma	megaara	rammage	argema	grame	
0	gravery	garvey	
0	tregerg	treget	egret	regret	getter	greet	greeter	gret	regt	reget	grete	regretter	regreet	
0	greco	corge	cogger	gorce	grocer	
0	gorcock	
0	regidor	regioide	geordi	geordie	dodgier	doggier	didgeridoo	
0	groser	grosse	grosser	grossers	grosses	ogres	ogress	ogresses	goers	regressor	regressors	rogers	gregos	egressor	gorse	gorses	soger	esrog	esrogs	groose	georges	gores	regorges	gorgers	gorges	reorgs	
1	leger	lg	logroll	legger	grill	gl	gr	graal	glor	regel	greggle	agral	lr	glar	regle	rg	ggr	eggler	argal	argala	lurg	gurl	laggar	grr	girl	
1	guyed	guyer	gey	euge	gluey	nguyen	yug	aguey	gue	bugeye	eggy	gye	gruyere	eugeny	gulley	yegg	guy	
1	guyed	guyer	gey	euge	gluey	nguyen	yug	aguey	gue	bugeye	eggy	gye	gruyere	eugeny	gulley	yegg	guy	
0	hugh	hug	ugh	
0	guildford	fulgorid	
0	seguing	gunnies	unsensing	genius	geniuses	guessing	ensuing	unseeing	unseeingness	genuineness	genuinenesses	unguessing	eugenesis	ungenius	unsinningness	ingenues	seginus	snuggies	guinness	ungenuineness	unsiege	unigenesis	segueing	
0	gaugeable	galbulae	beluga	blague	gullable	guageable	
0	guhr	
0	lurg	gurl	
0	areche	earache	harace	acheer	archer	acher	racche	chera	chare	charer	archae	archaea	cacher	creach	characeae	rechar	cheare	rache	earreach	charre	arche	reach	reacher	achree	areach	echar	arache	
0	ahet	theah	heat	theta	haet	hate	thae	heath	theat	eath	teathe	thea	hatte	
0	ham	hamm	mah	maha	amah	hammam	
0	sheepmaster	phasemeter	metaphrase	petersham	metaphrast	heptameters	
0	shaun	shauna	unsash	nashua	susannah	hsuan	susuhunan	
0	harang	arghan	hangar	
0	raintight	granthi	airthing	
0	terahertz	
0	theodora	theadora	hordeate	deathroot	redthroat	hothearted	heterodera	dorothea	throated	
0	hearth	etherate	hatter	hetaera	hetaerae	threat	teather	rathe	tatther	heater	aether	rather	theater	ratheter	heart	hereat	theatre	herat	reheat	aretha	reheater	earth	heather	thereat	hater	
1	hathaway	thataway	yah	wharry	hawky	yahweh	yhwh	wah	wha	whabby	wawah	wahwah	hay	haya	washway	washy	yaw	why	whydah	thawy	anywhy	swashway	swashy	hallway	ayah	whally	away	whaly	hwa	way	yawy	hwy	whammy	haw	washaway	hadaway	hawiya	hyahya	shawy	
0	whata	wath	thaw	what	
0	heathy	
0	azha	ahaz	
0	hede	heed	edh	heeded	hed	
0	behe	hebe	
0	howel	howell	woolwheel	wellhole	hewhole	whole	
0	sheeney	sheeneys	hennessey	sheeny	shyness	shynesses	
0	sheeney	sheeneys	hennessey	sheeny	shyness	shynesses	
0	help	
0	hexa	
0	hiccups	
0	cataphoretic	erotopathic	toparchiae	protoarchitect	prethoracic	herpotrichia	chiroptera	phototherapic	hieropathic	hippocratea	hippocrateaceae	retrohepatic	heteropathic	trichoptera	echopractic	cheiroptera	perithoracic	crotaphite	tracheopathia	
0	help	
1	kwh	wmk	
0	hobbit	hibito	
0	hohe	heo	hoe	
0	hohe	heo	hoe	
0	homey	
1	homeosis	hominine	thomite	oime	homme	molehill	mismoshes	home	hemiope	mishmoshes	meio	shimose	elohim	mimeo	homoeoid	homoeomeri	hemidome	imho	hemoid	homier	homeoid	homoeosis	hominem	
0	huron	rohun	honour	
1	homonomy	hyson	homonym	hysons	homonymy	honky	horny	hon	hoy	yohanna	hosny	hny	yoho	nonny	honey	ohoy	hoon	ony	hypopyon	lonhyn	conchy	phony	yon	hohn	johnny	noy	noh	
0	hoddy	hoody	yodh	
0	gogh	hogg	hog	hogo	
0	sploshes	loopholes	hopeless	eelshop	peepholes	hoopless	hopples	
0	rehoe	hero	rhoeo	hore	hoer	herero	rheo	
0	thoo	toho	tho	otoh	hoot	tooth	hohhot	hot	
1	phr	uphurl	rolph	phlorol	ralph	helper	
0	sh	hs	ssh	shh	
0	homoeomerous	mushroomer	summerhouse	morehouse	rushmore	summerhouses	humorsome	homeomerous	humorers	houseroom	humourers	homomerous	humoursome	
1	hunh	nih	hin	hinau	unchic	unhid	hunnian	hunnic	hunnish	neihu	uni	uninn	unhigh	unhinging	unhip	hindu	unhit	unnigh	huggin	hugging	nunni	hun	nunnish	humin	hundi	hui	anhui	uncinch	hussin	
0	unhit	
0	ootid	ditto	doit	idiot	dioti	
0	alkalis	killas	skail	kails	kalis	
0	tertial	titillater	teretial	triareal	aliter	retrial	arterial	irrelate	trilateral	artiller	alliteral	alliterate	tiralee	trailer	elettaria	literal	trailerite	lirate	retail	lirellate	retailer	tetralite	tiarella	triliteral	laterite	territelae	literata	laetrile	elaterite	literate	illiteral	illiterate	literati	tallier	retaliate	illiterati	teetertail	trialate	retial	tailer	triteleia	retiral	arillate	atelier	taliera	rattlier	
0	migrator	immigrator	agrimotor	marigot	mitigator	
0	nannie	ennia	inane	aine	ainee	annie	
0	bearbind	airbrained	bernadine	beribanded	birdbander	bernardina	bernardine	birdbrained	brandied	endbrain	inbread	bandier	brained	abderian	badiner	badinerie	
0	incredible	
0	infinity	nifty	finity	
0	antifoam	infamation	
0	redialling	engrailed	reginald	leningrad	redealing	langridge	gregarinidal	alderling	dellaring	geraldine	ringlead	ringleader	generalidad	laddering	grindelia	realigned	grenadierial	grenadilla	derailing	reladling	dragline	dearling	legendarian	legendrian	
0	jennie	jinnee	jenine	
1	joni	jinny	yoni	jonny	joying	join	injoin	jointy	oniony	
0	enties	sestine	sestines	sensist	sensitise	tinniest	sensitises	entities	intens	sentine	tentiest	intense	tinniness	intenseness	intensenesses	nineteens	intensest	nineties	sisten	senit	seniti	sistent	sienite	sienites	sinite	innest	intensities	tiens	insistent	tsine	sennit	insentient	sennite	sennits	intines	inesite	sistine	insite	neist	teeniest	testiness	tines	stein	teensiest	teentsiest	intentness	intentnesses	intents	nettiest	nittiest	steenie	steins	stine	inset	insets	sinnet	tintiness	einstein	ensient	tensities	sitient	tiniest	tininess	tennis	tininesses	snite	tennises	tennist	intestine	intestineness	intestines	senti	tennists	sentient	sentients	sitten	sittine	
0	ziti	zitzit	tizz	zizit	zit	
0	jaloppy	jalopy	
0	haje	
1	laze	azalea	allez	jezail	azazel	zeal	jalee	
0	jed	jeed	
0	jess	jesses	jees	jesse	
1	jesu	jesus	zeus	suez	
0	joules	
1	usine	jitneuse	disjeune	justine	juiciness	juicinesses	sinuses	juise	jejuneness	jejunities	jejunitis	senusi	disjune	jundies	insue	juliennes	ennuis	junius	jussiaean	jussieuan	suine	sunniness	jeunesse	jinnies	reinjures	reinjuries	jugginses	junkies	injurers	injures	injuries	jennies	
0	jeopardy	
1	pied	diped	pipped	dipped	piped	dieppe	jedi	
0	jits	
1	benjoin	bojite	bobbie	joie	jobe	jibe	
0	joining	jingoing	jogging	jingo	
0	oj	jo	
1	oj	jo	ox	
1	kunkur	kurn	knur	junk	junr	junker	
0	judgmental	judgemental	
0	kappa	kapa	kapp	
0	kerr	eker	reek	keeker	reeker	erk	erke	ekker	ker	
0	kewell	welk	
0	kewell	welk	
0	srikanth	krishnaist	
1	zaddik	kid	kidd	dizz	dikdik	
0	vivek	kiev	
0	kali	alkali	akali	kail	ilka	laik	alaki	
0	kaithi	khatti	taikih	thitka	
0	kol	kolokolo	look	kolo	
0	kenno	keno	
0	jark	kajar	
1	zirak	erika	zaire	arkie	azeri	kerria	karez	razzie	alkalizer	lazarlike	
0	rejerk	jerk	jerker	
0	trikir	tikrit	
1	lookout	lut	lotuko	latuka	kultur	klutz	tulu	ult	tukutuku	kittul	taluk	taluka	lutsk	outlook	luket	
1	kuar	kuvera	karvar	kaur	kauravas	kvar	rauk	urva	avarua	raku	
1	kuar	waur	waura	karwar	kaur	rauk	warua	warrau	arawak	wauk	wark	raku	
1	wulk	wk	uk	kuku	wauk	kw	wu	ku	
1	wayaka	waky	
0	yak	yaka	kyak	yakka	kay	kayak	
0	key	kye	kyke	
0	affinal	final	finial	flain	alfin	infall	
0	simial	massalia	alisma	alismal	ismaili	missal	missals	ismal	simla	massilia	lamaism	salmi	salmis	islam	islamism	maills	mails	simal	miasmal	lamias	malism	salami	salamis	limas	
0	olomao	loma	amomal	alamo	malo	molla	olam	moola	aloma	mola	molal	loam	molala	
0	lawyerly	lawyery	yawler	rewayle	warely	waylayer	lawyer	
0	layed	deadly	daley	addedly	allayed	alleyed	delay	delayed	dalyell	leady	
0	analyzes	
0	dele	leed	del	dell	deled	led	lede	eld	
0	ernle	
1	begloze	bello	eelbob	benzol	bleo	benzole	blowze	loeb	beelol	bole	boole	bezel	lobe	obelize	bezzle	bleeze	zolle	bezzo	booze	bozze	bobble	obole	
0	like	keelie	kiel	eellike	killeekillee	
0	rile	lier	lierre	rille	eelier	riel	lire	relier	leerier	iller	
0	gilt	
1	killeekillee	kilij	keelie	like	jewlike	jiglike	kiel	eellike	jellylike	jewellike	jelick	jaillike	jinkle	jillie	
0	lie	lei	ile	lillee	lillie	elie	lile	ellie	eli	
0	retitle	tirrlie	tilter	relit	retile	retill	titler	liter	treille	trilite	terrill	rillet	rillett	rillette	triller	titterel	trillet	tiler	litre	tittler	litter	litterer	tiller	littler	
0	retitle	tirrlie	tilter	relit	retile	retill	titler	liter	treille	trilite	terrill	rillet	rillett	rillette	triller	titterel	trillet	tiler	litre	tittler	litter	litterer	tiller	littler	
0	allyl	aly	alya	yalla	alay	allay	lally	ally	lay	
0	gloam	
0	aloft	flatfoot	footfall	afloat	float	foalfoot	flota	
0	bloats	ooblast	stoolball	oblast	oblasts	statoblast	alabastos	ballots	stobball	bostal	stallboat	
1	gigolo	koil	kokil	knolling	oligo	loki	loglike	loligo	oikology	killig	koli	onlooking	killogie	logoi	golgi	klingon	goli	kilo	gilo	iloko	inlooking	giglio	igloo	looking	
0	onlook	knoll	lonk	
0	sloe	sloes	sole	lose	losel	losels	loses	leos	losses	loose	lossless	soleless	loess	loesses	looses	sossle	oselle	oleos	oleose	oles	soles	
0	roles	soller	rollers	loser	losers	losser	sorel	sorels	looser	relose	lollers	resole	sorrel	resoles	loreless	rosel	lessor	lessors	rerollers	lores	rerolls	roseless	rosell	roselle	roselles	orles	errorless	orsel	orselle	orseller	soler	sorrels	relessor	
0	solely	loosely	looeys	
0	lox	
1	role	roleo	nozzler	rozzer	zoologer	roller	azarole	rollerer	crozle	crozzle	zero	foozler	lore	loller	zorille	lorel	reroll	lorenz	reroller	lorenzo	lazarole	zolle	zoogler	errol	orle	glozer	
0	pol	plo	pool	polo	olp	lop	plop	loop	poll	lollop	
0	lou	luo	loulu	
1	hulu	heuvel	hull	uvalha	
0	zulu	
0	teleut	lute	tule	tuttle	elute	tutele	eleut	lutelet	tulle	
1	revelly	revelry	everly	ruely	yelver	velure	relevy	reveley	
1	exul	huxley	luxe	yule	ulex	
1	muzzler	zarzuela	rule	ruelle	lure	euler	zebrule	lurer	puzzler	reuel	ruler	uller	wurzel	luller	guzzler	ruller	nuzzler	
0	feely	fley	felly	
0	yelek	kelly	yelk	kyle	leeky	kelley	
1	sylph	aphylly	phyle	hyphal	lymphy	phyla	sylphs	sylphy	phytyl	helply	glyph	lymph	haply	polyphylly	ply	hypophyll	alphyl	polyphyly	hyp	
1	tolstoy	slutty	sly	saltly	styli	slyest	tylus	slyly	stylist	stilly	stylists	lyttas	selety	sleety	listy	stylli	stylo	tls	salty	syst	stulty	stilty	toolsy	tolyls	atalayas	steely	lustly	lst	laystall	stylus	lts	slaty	slt	sty	lys	slitty	lusty	systyle	style	stylee	styleless	lastly	styryl	styles	stylet	eyelets	lasty	stylets	syl	silty	syll	
1	mmss	ms	sm	msm	sms	mss	smss	mms	
0	make	kame	meak	
0	fam	fama	
0	gammick	
0	magnificat	
0	haman	naamah	
0	magani	imaging	imagining	magging	maiming	gamming	gamin	naming	angami	managing	mangi	agamian	gaming	manning	nagami	gigman	gigmania	magian	aiming	
1	maki	akim	ijma	ijmaa	jimigaki	jimjam	aimak	akamai	kamik	kami	kojima	kaimakam	maik	jami	kamika	
0	kama	kam	kaama	mka	
0	timias	stasima	amastia	mattias	statism	miasmata	statisms	amaist	mastitis	maist	samiti	maists	mammitis	tamias	tatamis	tamis	
0	chessman	manches	
0	imitation	mimmation	itonama	itonaman	ammoniation	animation	namatio	nomination	animato	nonamotion	nonnomination	immanation	tomomania	intimation	antinomian	manation	atimon	montia	motitation	nonanimation	oomantia	innominata	amnionata	inanimation	timonian	amniota	antiatom	anamnionata	anamniota	amniotin	amotion	amination	manito	nonimitation	onomantia	otomian	annomination	onomatomania	ammonation	montanin	
0	mammon	ammono	nonman	moan	mona	mano	noam	nammo	amon	noma	oman	moonman	mamona	
0	marajuana	
0	rhinarium	marihuana	
0	mast	atms	amasta	masts	msata	tamas	matts	tams	atmas	mats	stam	
0	breastbeam	bestream	barmaster	beamster	bemaster	beermats	beemaster	
1	brigantes	smattering	magnetiser	brigantinebrigantines	brigantines	smatterings	berengarianism	breasting	emigrants	gilbertianism	streaming	transmigrate	transmigrates	germanist	intermessage	reestimating	besmearing	brainstem	brainstems	arbitraments	intransigentism	minasragrite	brainteasing	anagrammatise	stammering	steamering	stammeringness	bergmannite	termagantism	reassignment	mistreating	reassignments	misarrangement	misarrangements	remastering	absterging	arraignments	germinates	regerminates	ringmaster	ringmasters	gangsterism	intermarriages	subemarginate	submarginate	menagerist	tribesman	smartening	mastering	masterings	restabbing	abridgements	bestiarianism	instreaming	ambisinister	sternbergia	abridgments	interseminating	bimarginate	mastersinger	mastersingers	embarrassing	retransmitting	
0	abnormities	arsenobismite	montebrasite	brainstormer	semiabsorbent	nontribesman	
0	melled	meld	melded	demele	medle	meddle	meddled	
0	cinemas	amnesic	amnesics	anaseismic	semencinae	semimessianic	ecmnesia	enneasemic	messianic	immanences	immanencies	amnesiac	amnesiacs	
0	teemer	remeet	termer	metreme	metrete	remet	retem	meeter	meter	term	metre	
0	miaow	
0	millhouse	limehouse	
1	aircraftman	driftman	
0	meow	mowe	
0	oomph	moph	
0	oarman	marrano	norma	norman	ramon	maranao	moran	morano	ramona	ramoon	manor	maranon	romano	moorman	maroon	romana	roman	marron	
0	oarman	marrano	norma	norman	ramon	maranao	moran	morano	ramona	ramoon	manor	maranon	romano	moorman	maroon	romana	roman	marron	
0	norm	mormon	moorn	moron	morn	
0	mossless	molosse	moles	molosses	mesole	moslem	leesome	moslems	molles	mosel	moselle	melos	smellsome	
0	mottoed	emoted	moted	tommed	domett	demot	demote	demoted	mooted	
0	mouth	outmouth	
3	psidium	mediumize	pompidou	tzukim	pilidium	muzhik	muzjik	zmudz	umimpeded	euphemized	epimedium	zaddikim	dibbukim	hippidium	duim	nikkudim	oppidum	pumpkin	kudize	dinkum	podium	kudzu	popodium	pmid	muid	updike	dump	demipike	izumi	pisidium	kuldip	
2	mahu	mahua	faham	fulham	kumhar	kumrah	aumakua	hakam	makah	thamakau	haku	huma	huffman	kauffmann	kaufman	kaufmann	khakham	fukuyama	maku	makua	makuk	haum	kahau	kahu	ahum	khanum	
0	murk	
0	dinka	kinda	akkadian	
0	negara	greenage	regan	ganger	areng	arenga	greengage	enrage	ergane	reagan	enrange	egeran	genear	gangrene	reengage	genera	nanger	granage	grane	arrange	grange	granger	range	arranger	nagger	regna	rearrange	renga	ranger	ganner	rearranger	engager	anger	argean	garner	garnerage	
0	crin	incr	ricin	ricinic	ricininic	
0	nice	nicene	iceni	cine	niece	cinene	
0	angia	gaian	angina	ganging	gain	naig	inga	ngai	gaining	ingan	ingang	gina	niang	agin	aging	inanga	again	nanning	naggin	nagging	naging	gagging	gaging	
0	justinus	ninjutsu	justin	injust	
0	noobs	bosn	bonobos	boons	nobs	bonos	bons	bonbons	boson	bosons	snobs	snob	
0	bonn	noob	bono	bonobo	bonbo	bon	bonbon	nob	boon	
0	oenone	nonene	none	one	neon	neo	eon	
0	dunn	nudd	dun	
0	thung	hutung	
1	numbest	nembutsu	bemusements	bunts	bemusement	numbs	numbats	thumbnuts	submentum	mustnt	
0	oaky	kayo	okay	
1	effectors	coffrets	octobers	freebooters	crofters	freeboots	
0	cuckoo	
1	mogo	moff	goof	goff	fog	mog	moog	fogo	fogdom	gmo	fogg	mfg	
0	dog	doggo	god	good	
0	mogo	gmo	mog	moog	
0	gogh	hogg	hog	hogo	
0	roadwork	
0	loll	ol	lolo	lo	loo	lol	
0	loll	ol	lolo	lo	loo	lol	
0	ngo	nog	gon	goon	gong	nogg	nong	
0	bobber	berob	boree	beroe	broeboe	robber	rebob	rebore	borer	robe	rober	boer	bore	rerob	rerobe	
0	isograms	origamis	orgiasm	isogram	
0	gregorio	gooier	gorier	regio	groggier	georgie	rogiere	
0	orignal	gorillian	gaoloring	gloriana	original	garlion	nonoriginal	argolian	
0	mosso	moms	moss	smoos	mos	ooms	soom	oms	moos	
0	sumos	smous	soum	momus	muso	sumo	osmous	
1	zion	oz	oii	nozi	zoozoo	io	zizz	rizzio	zoic	zoid	zoo	zoosis	zori	oozoid	oozooid	ozzie	zo	zooid	
0	paha	aph	pah	hap	
0	paccha	phaca	chap	chapah	pacha	caph	
0	pacifically	
0	api	apia	pipa	pappi	apii	pia	paip	ipa	
0	pratty	atrypa	trypa	party	trappy	
0	watap	wapata	
0	pawned	wappened	
0	pawn	
0	payed	daypeep	yapped	deadpay	padeye	
0	appel	pale	palea	paleae	lapel	paleal	appellee	apple	appale	lepa	leap	lepal	pella	peal	peale	pellaea	pallae	appeal	paella	plea	pepla	
0	splenii	spleninii	penniless	pennilessness	slippiness	spinel	spineless	spinelessness	spinelle	spinelles	spinels	espinel	lippens	lippiness	spinless	spinnel	spline	splines	pipelines	nippleless	nipples	pensil	pensile	pensileness	sleepiness	pensils	pinless	
0	suspense	punese	suspenses	upness	unpens	
0	pepos	oopses	sepose	seppo	opes	pose	poses	epopees	espoo	popes	popess	epos	eposes	speos	peso	pesos	posse	posses	possess	oppose	possesses	opposes	sope	
0	pepos	oopses	sepose	seppo	opes	pose	poses	epopees	espoo	popes	popess	epos	eposes	speos	peso	pesos	posse	posses	possess	oppose	possesses	opposes	sope	
0	prestrain	panarteritis	pratensian	strepsipteran	parsettensite	peasantries	pinaster	antipatterns	pinasters	antipriest	pistareen	septarian	parentis	esperantists	esperantist	antiperistasis	antiperspirant	antiperspirants	interpass	pertains	triptanes	antisnapper	spartein	sparteine	inspirate	episterna	transpire	serpentaria	inseparate	serpentarian	pristane	pristanes	painters	interpenetrates	serpentarii	repristinate	transpires	septenarian	septenaries	prepartisan	intransparent	presentiate	repaints	paintress	septenarii	serpentian	serpentina	serpentinian	trappiness	paternities	praenestine	praenestinian	penitentiaries	trappistine	appertains	prerestrain	prerestraint	pantries	praesenti	aperients	persianist	perspirant	terrapins	pisistratean	spessartine	strepitant	
0	preve	prev	perv	peever	
0	phage	
0	philia	phalli	phial	phialai	philippa	
1	papayan	hypha	apophony	hyphaene	hanap	happy	nappaha	nympha	panpathy	raphany	yahan	wanhappy	nappy	ayapana	ahypnia	enhappy	aphony	alphyn	panayan	unhappy	
0	lophin	
0	phoney	hypnone	
0	hypostyptic	psychotics	hypocytosis	physicooptics	cystophthisis	psychophysicist	cytophysics	photophysics	psychotic	hypocist	hypocistis	photophysicist	
0	deponing	deepgoing	nonpending	
0	plaintail	antipill	pilatian	palpitant	platina	pliant	ptilinal	palatian	tailpin	palatinal	palatinian	appliant	antipapal	pintail	plantain	plaint	
0	upgale	plague	
0	plaza	
1	phlox	pol	plo	pollux	pollex	plotx	lox	oxlip	pool	polo	pox	olp	lop	plop	loop	poll	lollop	
0	punctilio	plutonic	unpolitic	
0	poe	pope	epop	epopee	pepo	ope	
0	tinpot	pinto	piton	tiponi	pontin	potion	pinot	option	pinpoint	point	tipton	
0	joep	
0	psilotic	pisolitic	coloptosis	piccoloist	politicos	politics	colpitis	politicist	postloitic	colpoptosis	copilots	solipsistic	
0	pomo	moop	pompom	pomp	pom	mop	
0	sepone	openness	opennesses	pones	opens	peones	pennons	peons	opponens	
0	pollee	poole	pole	olpe	people	lope	poppel	elope	loope	popple	
0	souper	purpureous	opposure	seropus	poseur	poseurs	peropus	prosperous	reposure	superpose	superposes	repours	repouss	repousse	repousses	supposer	supposers	surpoose	sourpusses	prepurpose	espouser	espousers	repurpose	repurposes	resuppose	superprosperous	uprose	uprouse	uprouses	pourers	suppressor	suppressors	purpose	pouser	purposer	purposes	presuppose	presupposes	puerperous	
1	powny	pon	woon	powwow	pow	powan	own	noop	won	wnp	now	wno	wop	poon	
0	probably	
0	proof	prof	
0	pork	
0	porn	porno	pron	
0	overpeer	popover	prover	overpepper	prove	preprove	reprover	reprove	overprove	
1	propr	zaparo	pro	poroporo	parazoa	porr	roop	poor	zorro	por	paparazzo	prop	ropp	rpo	proo	poz	
0	psychedelically	psychedelia	
0	psyche	pechys	psyches	
1	upi	epi	pituite	puppied	puppies	euripi	uptie	euripupi	peleliu	equip	piu	piupiu	puttie	pussies	quippe	piute	pilule	purpie	pipe	eppie	pique	rupie	pileup	yuppie	uppile	pie	pillule	eupepsies	
0	souper	purpureous	opposure	seropus	poseur	poseurs	peropus	prosperous	reposure	superpose	superposes	repours	repouss	repousse	repousses	supposer	supposers	surpoose	sourpusses	prepurpose	espouser	espousers	repurpose	repurposes	resuppose	superprosperous	uprose	uprouse	uprouses	pourers	suppressor	suppressors	purpose	pouser	purposer	purposes	presuppose	presupposes	puerperous	
0	upsy	pussy	
1	depend	penned	depended	pinweed	wend	wende	wended	pend	endew	weened	peened	windpipe	pended	pawned	weeped	pondweed	pendn	wappened	pineweed	deepen	deepened	endsweep	
0	wiping	pinwing	
0	wnp	
0	loq	
0	qto	
0	qto	
0	queen	enqueue	unqueen	nuque	
0	usque	queues	squees	ques	usques	equus	eques	squee	
1	queller	url	quarl	querl	quirl	rull	lur	querele	
0	reappear	parer	rapparee	prepare	rappe	rappee	preparer	rapper	pare	paper	pear	appere	paperer	repaper	reprepare	perpera	aper	aperea	appear	rape	appearer	raper	reap	reaper	
0	aroid	raioid	dario	doria	radio	
0	riparii	pari	riprap	pria	apair	priapi	pair	ripa	praia	pipra	appair	aparai	
0	reappear	parer	rapparee	prepare	rappe	rappee	preparer	rapper	pare	paper	pear	appere	paperer	repaper	reprepare	perpera	aper	aperea	appear	rape	appearer	raper	reap	reaper	
0	reappear	parer	rapparee	prepare	rappe	rappee	preparer	rapper	pare	paper	pear	appere	paperer	repaper	reprepare	perpera	aper	aperea	appear	rape	appearer	raper	reap	reaper	
0	yerbas	brassey	brasseys	yabbers	brayers	ebayers	seaberry	baryes	
0	crista	stratic	arctics	astrict	tsaristic	sarcastic	arctisca	astricts	racist	racists	caritas	triassic	sarcitis	tricars	tricast	tricasts	triacs	sacrist	artistic	sacrists	cartist	satiric	trictracs	castrati	
0	arawak	wark	karwar	
0	negara	greenage	regan	ganger	areng	arenga	greengage	enrage	ergane	reagan	enrange	egeran	genear	gangrene	reengage	genera	nanger	granage	grane	arrange	grange	granger	range	arranger	nagger	regna	rearrange	renga	ranger	ganner	rearranger	engager	anger	argean	garner	garnerage	
0	receiver	receive	crevice	
0	decolourised	decolouriser	serioridiculous	ludicroserious	colourised	discoloured	discoloureds	discourseless	serioludicrous	disclosure	disclosures	decolourise	
0	greener	neger	green	genre	engreen	engrege	engregge	grene	reneg	reenge	rgen	engr	renege	regreen	neeger	greene	reneger	
0	regin	nigre	nigrine	ginner	ginnier	engineer	girnie	engineering	inerring	ringe	ringer	greenie	greenier	reneging	greening	ingenier	ginger	grein	greing	rereign	reining	gingerin	gingering	reign	reigner	reigning	rering	inger	negrine	enring	niger	enringing	erring	nigger	grenier	grinner	inrigger	grinnie	renig	renigging	egirine	greeing	
0	roles	soller	rollers	loser	losers	losser	sorel	sorels	looser	relose	lollers	resole	sorrel	resoles	loreless	rosel	lessor	lessors	rerollers	lores	rerolls	roseless	rosell	roselle	roselles	orles	errorless	orsel	orselle	orseller	soler	sorrels	relessor	
0	deaerated	deratted	tartrated	trader	retread	retreaded	darted	darter	retarred	tread	retreated	treaded	treader	retarder	dartre	drate	dratted	detar	rerated	rated	tattered	dater	treated	ratted	tartarated	redart	redate	redated	retrad	retrade	retraded	tarde	dertra	trade	tarted	tetrad	traded	tared	aerated	adret	teared	retard	atrede	retardate	tetard	derat	derate	derated	derater	retarded	retardee	tarred	tetrdra	deaerate	
0	retare	teart	tera	retreat	arte	retreater	arret	eater	tetra	arter	tater	terata	retear	teaer	rate	rerate	tatter	rater	treat	rattaree	treatee	treater	tartare	tartaret	terra	atter	ratter	errata	atterr	atterrate	terrae	aret	tarte	arete	tear	tarter	erat	arette	tare	tarea	aerate	ateeter	ettarre	reata	retar	tearer	areata	terrar	tartrate	tarre	tarrer	
0	retirer	tirret	irrite	tertii	retie	retier	terri	terrie	terrier	tier	retrier	treitre	teri	tierer	iter	rite	territ	reit	titre	trier	reiter	titter	titterer	ritter	tire	tiree	titer	etrier	errite	tirer	trite	triter	retire	retiree	
0	retirer	tirret	irrite	tertii	retie	retier	terri	terrie	terrier	tier	retrier	treitre	teri	tierer	iter	rite	territ	reit	titre	trier	reiter	titter	titterer	ritter	tire	tiree	titer	etrier	errite	tirer	trite	triter	retire	retiree	
1	trifoil	rolf	frot	forleft	forlet	fortlet	foretell	foreteller	flor	frottola	footrill	flot	frottole	troft	torfel	torfle	floter	ortol	flotter	floret	florette	rooflet	troutful	rotl	loft	fort	lofter	firlot	forefelt	troll	foreffelt	lotor	plotproof	trotol	ruttloff	floor	trollol	forfalt	footler	rottolo	
0	rehoe	hero	rhoeo	hore	hoer	herero	rheo	
1	trifoil	rolf	frot	forleft	forlet	fortlet	foretell	foreteller	flor	frottola	footrill	flot	frottole	troft	torfel	torfle	floter	ortol	flotter	floret	florette	rooflet	troutful	rotl	loft	fort	lofter	firlot	forefelt	troll	foreffelt	lotor	plotproof	trotol	ruttloff	floor	trollol	forfalt	footler	rottolo	
0	douro	duro	roud	drou	dour	droud	ordu	odour	
0	tdr	
0	bourride	bouderie	
0	furrier	
2	xysts	ys	sexy	xs	xylyls	styx	xyst	
0	attaints	instants	titians	satanist	satanists	tanaist	assistant	saints	assistants	santii	stains	tanist	anastasia	anastasian	antisi	tanists	anastasis	sistani	sanit	tatianist	assassinist	istana	astian	titanias	nantais	tasian	sanitist	nasitis	satin	tains	astint	anaitis	naissant	antis	stanitsa	statin	taints	statins	satins	antistat	titans	isatin	annist	antistatist	tannins	isatins	instant	saint	attains	stain	
0	ascry	carys	scarcy	scarry	acrasy	sacry	scray	carrys	scary	sacrary	
0	scorny	
0	skies	kikes	sike	sikes	kisses	
0	tapers	trespassers	pretreats	repast	repaste	peartest	tapester	repasts	peartrees	praters	prates	esparsette	streptaster	perates	spatter	sparsest	satrapate	satrapess	restrap	spatters	ereptase	trapes	trapeses	parapets	aspartate	aspartates	sparest	pretaste	repeaters	paster	pasterer	prearrest	pretaster	pretastes	pasters	repeats	patterers	separata	separate	separates	asperate	asperates	trappers	preassert	raptest	parterres	apprest	parters	partes	patters	preseparate	prestate	paters	separatress	separte	sperate	strapper	strappers	tappers	tarpapers	reseparate	perpetrates	spratter	perpetratress	tapster	trespasses	tapsters	repartees	tapstress	asprete	trespass	trespasser	strepera	taperers	
0	tapers	trespassers	pretreats	repast	repaste	peartest	tapester	repasts	peartrees	praters	prates	esparsette	streptaster	perates	spatter	sparsest	satrapate	satrapess	restrap	spatters	ereptase	trapes	trapeses	parapets	aspartate	aspartates	sparest	pretaste	repeaters	paster	pasterer	prearrest	pretaster	pretastes	pasters	repeats	patterers	separata	separate	separates	asperate	asperates	trappers	preassert	raptest	parterres	apprest	parters	partes	patters	preseparate	prestate	paters	separatress	separte	sperate	strapper	strappers	tappers	tarpapers	reseparate	perpetrates	spratter	perpetratress	tapster	trespasses	tapsters	repartees	tapstress	asprete	trespass	trespasser	strepera	taperers	
1	berylliosis	lorises	beryllosis	erosely	lorries	overservilely	soldierly	disorderedly	soldiery	resorcylic	disorderly	seriously	loselry	rosily	serlio	lossier	eslisor	syllogiser	rissole	rissoles	sorely	sensorily	elisor	corelysis	reoils	sillery	resoil	cirrosely	orioles	osiery	oilers	oilery	literosity	oriels	roisterly	royalise	orseille	tylosteresis	soilier	lories	rimosely	isopyrrole	sorrily	
0	rievers	veeries	reversis	reversive	revivers	revives	siver	sivers	vires	severies	eversive	rivers	ivresse	sevier	vivers	siever	sievers	rives	visier	vries	rivieres	serveries	reveries	reivers	reives	viers	revise	revisee	reviser	revisers	revises	reversi	vivres	
0	resews	sweer	sewer	sewers	ewers	resew	
0	exies	sixes	
0	sexy	
1	shikse	shikses	hokes	she	kees	hess	hesse	shakes	hikes	khepesh	hakes	hecks	ekes	checks	okehs	sheesh	keeks	skee	sshes	skeech	hes	shekel	kishke	kishkes	ashake	skees	hekhsher	shee	hekhshers	kesse	sheik	sheikh	cheeks	sheikhs	hesketh	shes	seek	sheiks	seeks	shake	shekels	
0	sheer	herse	resh	sheerer	sheree	sheers	sher	shree	heres	reshes	ersh	hers	sereh	
0	shoppish	phosis	popish	ophis	pishposh	hopis	hippos	shippo	
0	heterosis	rehoist	ortheris	theories	theorise	theoriser	theorisers	theorises	horseiest	theorist	theorists	historier	histories	historiette	thioester	isothere	horseshit	isotheres	heriots	theriotheist	shortie	shorties	shortite	heritors	horsiest	thorites	otherist	orthosite	hoister	hoisters	totterish	
0	unshoe	unhouse	unhouses	unhose	henhouse	henhouses	
0	ahousaht	asouth	
1	ragusa	arusha	gurrah	gursh	sugars	curaghs	guarish	hussars	aarhus	argus	guars	sharrag	saugh	agush	saughs	shrag	grush	ashur	haughs	surah	shaugh	shaughs	surahs	straught	guarachas	gaurs	sargus	surrah	shargar	shagrag	shrug	bushgrass	augurs	shrugs	raghu	ghrush	curraghs	aushar	sugar	sugarbush	ragshag	hussar	habsburg	hurrahs	
0	skied	skidded	disked	dikes	dikeside	kissed	kiddies	
0	skies	kikes	sike	sikes	kisses	
0	skies	kikes	sike	sikes	kisses	
0	nomism	nomisms	moison	simson	ionism	simmon	simmons	simon	minos	immission	simonism	omission	omissions	minionism	minions	monsoni	simons	simoon	simoons	mission	monism	monisms	sinonism	missions	nosism	osmin	nonomission	
0	sleekly	skyless	sleeky	kellys	yelks	kyles	keyless	skeely	kelsey	skelly	
0	speels	sleep	spell	peels	peles	pepless	speel	sleepless	speelless	esplees	spells	pspell	sleeps	
0	elms	mels	mesel	seemless	smell	mells	semmel	melees	meles	smells	semel	
0	mastras	stram	massart	trams	smarts	mattrass	ramstam	marts	smartass	smart	matrass	
1	strom	stemmer	remeets	stemmers	massart	stram	terms	stm	oostrom	mester	restem	rsm	motors	teemers	retems	sturm	morts	tryms	strum	trims	termers	metres	termes	metretes	mistrist	semester	semesters	storm	rostom	ramstam	smart	smartass	meeters	matrass	strums	strumstrum	mastras	mrs	esteemer	meters	strim	storms	trams	smarts	smriti	str	mattrass	mst	mster	trs	marts	rms	temser	mts	merest	
0	oops	poops	pos	pops	ops	sops	sop	poss	
0	pepos	oopses	sepose	seppo	opes	pose	poses	epopees	espoo	popes	popess	epos	eposes	speos	peso	pesos	posse	posses	possess	oppose	possesses	opposes	sope	
0	spermophore	sophomore	sophomores	spermosphere	morphoses	spherome	spheromere	osmophore	mesosphere	mesospheres	spherosome	homosphere	mesomorph	presophomore	mesomorphs	morphemes	
0	please	lapels	slape	asleep	passless	appellees	pleases	appels	salep	elaps	elapse	saleps	elapses	apples	sapples	sepal	spale	spales	lepas	sapele	sepals	passel	papless	leaps	passels	aspell	pales	peals	palpless	pellas	pasela	apelles	lapse	lapses	saple	sapless	paellas	speal	appeals	pleas	salpae	
0	splet	spelt	pellets	pettles	spettle	spleet	peltless	slept	spelts	steepleless	steeples	pelts	stepless	pestle	pestles	steeple	
0	pepos	oopses	sepose	seppo	opes	pose	poses	epopees	espoo	popes	popess	epos	eposes	speos	peso	pesos	posse	posses	possess	oppose	possesses	opposes	sope	
0	oestroid	distorted	redditors	distorter	distorters	sortied	disrestore	disrooted	editors	ostreoid	steroid	steroids	triodes	storied	torridest	drossiest	ordosite	roistered	terrorised	diorites	oestrid	
1	syst	fistify	fisty	festy	fusty	stuffy	sty	syftn	softy	footsy	feyest	fyttes	
0	chaetosema	chaetosoma	stomachache	moschate	stomachaches	thecosomata	stomaches	chemostat	chemostats	chatsome	
0	stokroos	torsk	stork	torsks	storks	strook	
0	deputies	deputise	deputised	deputises	disputes	suppedit	spissitude	stupidest	stupidities	dispute	disputed	
0	pushtu	upshut	
1	tipsify	
0	tittups	situp	situps	upsit	puist	
0	dulles	eludes	leudes	leuds	deludes	slued	duels	dulse	dulses	sudsless	suddle	
0	tissue	tutties	tissues	suite	suites	situses	tussises	etuis	
0	timaeus	metusia	mussitate	suimate	
0	risorius	urosis	usurious	irous	
1	sus	uss	buxus	us	ux	luxus	suss	suu	sussex	xs	xu	susu	su	usu	ssu	
0	seaware	seawares	reswear	swears	sware	wearers	sawer	sawers	warse	resaw	resawer	resaws	wears	weaser	assewer	sewar	sewars	seraw	wares	wereass	wrasse	wrasses	swear	swearer	swearers	
0	swaver	waverers	weaveress	weavers	wavers	swarve	reweaves	
0	vaws	
0	sweets	tweets	west	wets	sweet	weste	stews	weest	wests	wettest	stew	weets	tweese	ewest	tweest	tews	sweetest	etwees	
0	tha	hath	that	aht	tath	tathata	taha	hat	hatt	
0	kontakia	kontakion	kation	atikokania	taniko	tonikan	katatonia	
0	tynan	tanya	natty	tanny	
0	prated	drapet	adapter	parapeted	padtree	readapt	readapted	repeated	depredate	depredated	pattered	preadapt	preadapted	readept	petard	petardeer	depart	departed	parted	trapped	departer	parterred	predata	predate	predated	tapadera	predepart	tarpapered	perpetrated	adepter	retaped	tapered	pretreated	
0	pratap	trapt	attrap	apart	patart	rapt	rattrap	trap	trapa	apparat	pattara	pratt	tarp	part	prat	
0	yeasts	yeasty	yeats	sayest	sayette	essayette	teasy	yeast	yates	
0	chatted	detache	detached	cacheted	hatched	catched	thatched	cathead	attatched	cathected	teached	attached	hatcheted	cheated	detach	
0	ahet	theah	heat	theta	haet	hate	thae	heath	theat	eath	teathe	thea	hatte	
0	membrette	embetter	
0	terreted	retd	tedder	detr	deter	deterred	retted	teetered	deterrer	treed	tettered	
0	rectifier	certifier	ferritic	terrific	certif	
0	clitellus	cuticles	leucites	leucitis	cuittles	cellulitis	citellus	cuselite	luetics	
0	tuesday	tuesdays	
0	etwee	weet	tew	wet	tweet	ewte	twee	
0	battleaxe	taxable	
0	tha	hath	that	aht	tath	tathata	taha	hat	hatt	
0	hatty	aythya	hyatt	
0	hearth	etherate	hatter	hetaera	hetaerae	threat	teather	rathe	tatther	heater	aether	rather	theater	ratheter	heart	hereat	theatre	herat	reheat	aretha	reheater	earth	heather	thereat	hater	
0	hearth	etherate	hatter	hetaera	hetaerae	threat	teather	rathe	tatther	heater	aether	rather	theater	ratheter	heart	hereat	theatre	herat	reheat	aretha	reheater	earth	heather	thereat	hater	
0	het	thete	eth	heth	tehee	teth	thee	theet	hete	teeth	the	teethe	
0	het	thete	eth	heth	tehee	teth	thee	theet	hete	teeth	the	teethe	
0	nightie	eighteen	teething	eighteenth	ghenting	henting	hething	tighten	genthite	heighten	tightening	heightening	
0	nightie	eighteen	teething	eighteenth	ghenting	henting	hething	tighten	genthite	heighten	tightening	heightening	
0	houtou	outhut	thou	hout	
0	ruth	thru	thur	thurt	hurt	truth	
0	sht	hts	
0	thy	
0	dites	tidies	tidiest	teddies	stied	dissite	diddest	edeitis	deist	deists	edits	didest	deities	steid	desist	desisted	dietetist	ditties	teiids	desists	teesside	idest	sited	seediest	sidest	dieties	dietist	deediest	diets	tides	ideist	
0	till	itll	tilt	lit	lilt	liti	til	
0	talak	talk	
0	ito	toi	ototoi	toit	toitoi	tito	
0	toki	titoki	
0	oeillet	lottie	toile	iolite	lootie	toilet	elotillo	otolite	toellite	toilette	tolite	eleolite	eliot	oillet	oolite	teloi	etoile	elliot	elliott	
0	looted	dotlet	tooled	toled	odelet	toledo	toddle	toddled	tootled	dottel	dodlet	toodle	toodleloodle	dottle	dottled	lotted	tolled	
0	thigmotactic	
1	mortarware	arrowworm	tarrow	matamoro	waterworm	mowra	tartwoman	tomorrow	madwort	mawworm	motorway	torma	mallowwort	maltworm	marrot	marrow	moorwort	marrowfat	rootworm	wartwort	mattaro	amort	morat	maywort	moratuwa	tamarao	wortworm	marmot	marmota	trowman	strawworm	tamaroa	amowt	starworm	tamworth	aromata	mortar	wormroot	arrowroot	
0	oelet	otello	tole	tootle	leto	tolle	tottle	lotte	lote	
0	generant	aggregant	argent	garnet	garneter	generate	generater	negater	argentan	garnett	garnetter	argentate	regrant	tanagraean	argenter	gnateater	tanager	grantee	granter	tergant	engreaten	teenager	aggenerate	reagent	regenerant	regenerate	renegate	gnatter	greaten	tanger	gangrenate	granet	granate	gratten	rentage	regnant	grenat	atragene	garten	gartner	argante	gretna	angetenar	
0	travellers	valerates	travels	traversal	traversals	varletess	varlets	vestral	traveleress	travelers	
1	detrench	unhurted	erthen	tentered	trenched	throned	tendre	entender	entendre	tenthredinid	threaden	heterodon	deterrent	heterodont	nether	tenthredo	tethered	adherant	henhearted	thonder	thereunder	retrenched	terned	adherent	ethered	etherene	entered	trend	drent	dethrone	dethroned	inherited	trended	dethroner	threatened	retender	tender	therodont	tendered	ethernet	tenderee	tenderer	hented	headrent	henter	thunder	tenderheart	derth	tenderhearted	throdden	enthroned	threne	unthundered	untethered	threnode	thundered	thunderer	rented	denter	rethunder	northered	adenanthera	thorned	hundredth	earthenhearted	neatherd	heartened	reentered	entrenched	thered	
0	trikir	tikrit	
0	porture	preroute	pretorture	outputter	outporter	puerto	outpeer	troupe	trouper	uprooter	uptore	outpourer	outrooper	europoort	reoutput	uproute	roupet	pouter	purporter	upttore	
0	puttee	puppet	
0	beurre	bure	rubbee	rubber	bebeeru	rubberer	reub	rerub	rube	bubber	burree	burrer	
0	maunna	amunam	maun	manuma	numa	unman	nanmu	annum	
0	mugg	mug	gum	
0	untilt	until	unlit	untill	
0	uninn	nunni	uni	
0	niue	unie	ennui	
0	unhasped	unphased	unshaped	unshapedness	
0	untinted	dunnite	unintended	undieted	unedited	untidied	untinned	unitude	intuited	united	untied	undinted	unindented	ununited	dunite	detinue	detinuit	
0	kru	kurku	kukuruku	kuru	
0	uru	ruru	ru	ur	
0	lususes	useless	ussels	slue	slues	lues	
0	cav	cava	vac	cva	
0	vacuuma	vacuum	cavum	
0	vacuuma	vacuum	cavum	
0	vampyre	
0	avianize	
0	lavinia	vanillin	vinal	vinalia	villain	alvina	nival	anvil	alvin	vanilla	vanillal	livian	villan	lavin	
0	evillest	velleities	levites	livest	vittles	levities	televise	vilities	vilest	velites	liveliest	lievest	televises	evilest	
0	rove	rover	over	roove	
0	overmettled	overmelted	
0	whata	wath	thaw	what	
0	gaintwist	wasting	swatting	waitings	tawsing	waisting	waistings	
0	woa	
0	swabia	wasabi	
0	waterboarding	
1	az	waw	wawa	za	aw	awa	walz	wa	arzawa	
0	erwin	winer	winier	weenier	wennier	winner	wiener	rewin	wineier	weiner	
0	wednesday	wednesdays	endways	
0	etwee	weet	tew	wet	tweet	ewte	twee	
0	hewan	
0	hwang	whang	
1	whim	wimp	whip	himp	hipmi	
0	weighin	weighing	whinge	whingeing	hewing	
0	wahoo	whoa	
0	harrow	wharrow	
0	erwin	winer	winier	weenier	wennier	winner	wiener	rewin	wineier	weiner	
0	weedier	weirder	weird	rewired	weirdie	wireweed	dewier	wried	wider	wired	widder	wride	wierd	wiredrew	
1	kiwi	wikiwiki	kiwikiwi	kid	kidd	wiki	wid	dikdik	
1	min	nim	minimi	wim	mini	wainman	win	minim	minow	inmew	minnow	
1	min	nim	minimi	wim	mini	wainman	win	minim	minow	inmew	minnow	
0	newing	weeweeing	wiggen	enwing	gwine	weening	ewing	
1	owt	wowt	wot	wto	tow	two	
0	wahoo	whoa	
0	follow	wolff	fowl	flowoff	wolof	woolf	wolf	flow	
1	kol	kolokolo	owk	flowk	wok	low	wool	wollock	wloka	kowloon	look	woolcock	woolwork	killow	lwo	owl	kolo	
1	monny	moonway	onym	mony	moony	nowy	onymy	mown	yeowomen	mononym	mononymy	myowun	
1	monny	moonway	onym	mony	moony	nowy	onymy	mown	yeowomen	mononym	mononymy	myowun	
0	wewenoc	coween	cowen	
1	kikawaeo	owllike	weki	okie	kookie	wirework	willowlike	wireworker	woke	wokowi	wikeno	ekoi	woollike	
0	owse	swooses	sowse	woes	owes	swoose	
1	wo	woo	ow	wow	
0	word	drow	rodwood	woodrow	
0	work	
0	wut	
1	nl	xl	lynx	xxl	ln	lanx	lx	lxx	
0	tremex	extremer	extreme	
0	ayes	yeas	easy	sayee	essay	essays	eyas	eyases	eyass	
0	aye	yea	
0	aye	yea	
0	yi	
0	boyo	boy	booby	bobby	yob	yobbo	
0	hoy	ohoy	yoho	
0	youp	poyou	
0	your	royou	
0	buoy	
0	yr	
0	you	
1	ayuyu	kyu	tutty	fuffy	u	you	puppy	lully	tuy	cucuy	bubby	yug	sussy	puy	guy	yuh	y	duddy	yuk	yus	yum	yummy	yun	yup	buy	mummy	ayu	yutu	
